day,hrslistened
Thursday,384.6075978
Friday,332.6763772
Monday,306.7224206
Wednesday,267.9091528
Tuesday,266.2252194
Saturday,226.9726322
Sunday,201.4843072
